[{"fill-opacity":0,"stroke-opacity":1,"stroke":"#ff0000","id":290225,"coincideco":"Não aplicável","compartilh":"Não","dentrodepo":"Não","eixoprinci":"Sim","geometriaa":"Sim","navegabili":"Não navegável","regime":"Seco","lenght_otf":"438.256546440095576"},{"fill-opacity":0,"stroke-opacity":1,"stroke":"#ff0000","id":293460,"coincideco":"Não aplicável","compartilh":"Não","dentrodepo":"Sim","eixoprinci":"Sim","geometriaa":"Sim","navegabili":"Não navegável","regime":"Seco","lenght_otf":"83.576467052351774"},{"fill-opacity":0,"stroke-opacity":1,"stroke":"#ff0000","id":293524,"coincideco":"Represa/açude","compartilh":"Não","dentrodepo":"Sim","eixoprinci":"Sim","geometriaa":"Sim","navegabili":"Desconhecida","regime":"Permanente","lenght_otf":"332.386973833903369"},{"fill-opacity":0,"stroke-opacity":1,"stroke":"#ff0000","id":295443,"coincideco":"Rio","compartilh":"Não","dentrodepo":"Não","eixoprinci":"Sim","geometriaa":"Sim","navegabili":"Desconhecida","regime":"Temporário","lenght_otf":"847.949344088511566"},{"fill-opacity":0,"stroke-opacity":1,"stroke":"#ff0000","id":298362,"coincideco":"Represa/açude","compartilh":"Não","dentrodepo":"Sim","eixoprinci":"Sim","geometriaa":"Sim","navegabili":"Desconhecida","regime":"Permanente","lenght_otf":"431.890596096341199"},{"fill-opacity":0,"stroke-opacity":1,"stroke":"#ff0000","id":310521,"coincideco":"Não aplicável","compartilh":"Não","dentrodepo":"Não","eixoprinci":"Sim","geometriaa":"Sim","navegabili":"Não navegável","regime":"Seco","lenght_otf":"423.098002257098074"},{"fill-opacity":0,"stroke-opacity":1,"stroke":"#ff0000","id":313214,"coincideco":"Não aplicável","compartilh":"Não","dentrodepo":"Não","eixoprinci":"Sim","geometriaa":"Sim","navegabili":"Não navegável","regime":"Seco","lenght_otf":"737.147264810380079"},{"fill-opacity":0,"stroke-opacity":1,"stroke":"#ff0000","id":318410,"coincideco":"Não aplicável","compartilh":"Não","dentrodepo":"Não","eixoprinci":"Sim","geometriaa":"Sim","navegabili":"Não navegável","regime":"Seco","lenght_otf":"669.999542171714779"},{"fill-opacity":0,"stroke-opacity":1,"stroke":"#ff0000","id":319982,"coincideco":"Não aplicável","compartilh":"Não","dentrodepo":"Sim","eixoprinci":"Sim","geometriaa":"Sim","navegabili":"Não navegável","regime":"Seco","lenght_otf":"251.216507205801918"},{"fill-opacity":0,"stroke-opacity":1,"stroke":"#ff0000","id":322029,"coincideco":"Represa/açude","compartilh":"Não","dentrodepo":"Sim","eixoprinci":"Sim","geometriaa":"Sim","navegabili":"Desconhecida","regime":"Permanente","lenght_otf":"420.778049106082733"},{"fill-opacity":0,"stroke-opacity":1,"stroke":"#ff0000","id":324688,"coincideco":"Rio","compartilh":"Não","dentrodepo":"Não","eixoprinci":"Sim","geometriaa":"Sim","navegabili":"Desconhecida","regime":"Temporário","lenght_otf":"3776.772209594498236"},{"fill-opacity":0,"stroke-opacity":1,"stroke":"#ff0000","id":326307,"coincideco":"Não aplicável","compartilh":"Não","dentrodepo":"Não","eixoprinci":"Sim","geometriaa":"Sim","navegabili":"Não navegável","regime":"Seco","lenght_otf":"343.204078864108624"},{"fill-opacity":0,"stroke-opacity":1,"stroke":"#ff0000","id":328776,"coincideco":"Rio","compartilh":"Não","dentrodepo":"Não","eixoprinci":"Sim","geometriaa":"Sim","navegabili":"Desconhecida","regime":"Temporário","lenght_otf":"669.505075576074091"},{"fill-opacity":0,"stroke-opacity":1,"stroke":"#ff0000","id":330917,"coincideco":"Não aplicável","compartilh":"Não","dentrodepo":"Não","eixoprinci":"Sim","geometriaa":"Sim","navegabili":"Não navegável","regime":"Seco","lenght_otf":"444.302236888277605"}]