[{"fill-opacity":0,"stroke-opacity":1,"stroke":"#ff0000","Shape_Leng":0.091662543749439,"Shape_Area":0.000333131151801,"Fract_sub":"Parcela 1","Fract_part":"14.29%","Fract_area":"571448.304200000013225"},{"fill-opacity":0,"stroke-opacity":1,"stroke":"#ff0000","Shape_Leng":0.091662543749439,"Shape_Area":0.000333131151801,"Fract_sub":"Parcela 2","Fract_part":"14.29%","Fract_area":"571448.303700000047684"},{"fill-opacity":0,"stroke-opacity":1,"stroke":"#ff0000","Shape_Leng":0.091662543749439,"Shape_Area":0.000333131151801,"Fract_sub":"Parceka 7","Fract_part":"14.29%","Fract_area":"571448.304200000013225"},{"fill-opacity":0,"stroke-opacity":1,"stroke":"#ff0000","Shape_Leng":0.091662543749439,"Shape_Area":0.000333131151801,"Fract_sub":"Parcela 3","Fract_part":"14.29%","Fract_area":"571448.303700000047684"},{"fill-opacity":0,"stroke-opacity":1,"stroke":"#ff0000","Shape_Leng":0.091662543749439,"Shape_Area":0.000333131151801,"Fract_sub":"Parcela 4","Fract_part":"14.29%","Fract_area":"571448.303700000047684"},{"fill-opacity":0,"stroke-opacity":1,"stroke":"#ff0000","Shape_Leng":0.091662543749439,"Shape_Area":0.000333131151801,"Fract_sub":"Parcela 5","Fract_part":"14.29%","Fract_area":"571448.304200000013225"},{"fill-opacity":0,"stroke-opacity":1,"stroke":"#ff0000","Shape_Leng":0.091662543749439,"Shape_Area":0.000333131151801,"Fract_sub":"Parcela 6","Fract_part":"14.29%","Fract_area":"571448.302200000034645"},{"fill-opacity":0,"stroke-opacity":1,"stroke":"#ff0000","id":2127,"NM":"Camaçari"},{"fill-opacity":0,"stroke-opacity":1,"stroke":"#ff0000","Shape_Leng":0.091662543749439,"Shape_Area":0.000333131151801,"Fract_sub":"Parcela 1","Fract_part":"14.29%","Fract_area":"571448.304200000013225"},{"fill-opacity":0,"stroke-opacity":1,"stroke":"#ff0000","Shape_Leng":0.091662543749439,"Shape_Area":0.000333131151801,"Fract_sub":"Parcela 2","Fract_part":"14.29%","Fract_area":"571448.303700000047684"},{"fill-opacity":0,"stroke-opacity":1,"stroke":"#ff0000","Shape_Leng":0.091662543749439,"Shape_Area":0.000333131151801,"Fract_sub":"Parceka 7","Fract_part":"14.29%","Fract_area":"571448.304200000013225"},{"fill-opacity":0,"stroke-opacity":1,"stroke":"#ff0000","Shape_Leng":0.091662543749439,"Shape_Area":0.000333131151801,"Fract_sub":"Parcela 3","Fract_part":"14.29%","Fract_area":"571448.303700000047684"},{"fill-opacity":0,"stroke-opacity":1,"stroke":"#ff0000","Shape_Leng":0.091662543749439,"Shape_Area":0.000333131151801,"Fract_sub":"Parcela 4","Fract_part":"14.29%","Fract_area":"571448.303700000047684"},{"fill-opacity":0,"stroke-opacity":1,"stroke":"#ff0000","Shape_Leng":0.091662543749439,"Shape_Area":0.000333131151801,"Fract_sub":"Parcela 5","Fract_part":"14.29%","Fract_area":"571448.304200000013225"},{"fill-opacity":0,"stroke-opacity":1,"stroke":"#ff0000","Shape_Leng":0.091662543749439,"Shape_Area":0.000333131151801,"Fract_sub":"Parcela 6","Fract_part":"14.29%","Fract_area":"571448.302200000034645"}]