[{"fill-opacity":0,"stroke-opacity":1,"stroke":"#ff0000","id":289756,"coincideco":"Não aplicável","compartilh":"Não","dentrodepo":"Não","eixoprinci":"Sim","geometriaa":"Sim","navegabili":"Não navegável","regime":"Seco","lenght_otf":"1521.014151459806271"},{"fill-opacity":0,"stroke-opacity":1,"stroke":"#ff0000","id":290060,"coincideco":"Rio","compartilh":"Não","dentrodepo":"Não","eixoprinci":"Sim","geometriaa":"Sim","navegabili":"Desconhecida","regime":"Temporário","lenght_otf":"683.766326321459246"},{"fill-opacity":0,"stroke-opacity":1,"stroke":"#ff0000","id":290076,"coincideco":"Rio","compartilh":"Não","dentrodepo":"Não","eixoprinci":"Sim","geometriaa":"Sim","navegabili":"Desconhecida","regime":"Temporário","lenght_otf":"816.143292745488907"},{"fill-opacity":0,"stroke-opacity":1,"stroke":"#ff0000","id":290352,"coincideco":"Rio","compartilh":"Não","dentrodepo":"Não","eixoprinci":"Sim","geometriaa":"Sim","navegabili":"Desconhecida","regime":"Temporário","lenght_otf":"49.330025962884648"},{"fill-opacity":0,"stroke-opacity":1,"stroke":"#ff0000","id":290897,"coincideco":"Não aplicável","compartilh":"Não","dentrodepo":"Não","eixoprinci":"Sim","geometriaa":"Sim","navegabili":"Não navegável","regime":"Seco","lenght_otf":"536.217419723541752"},{"fill-opacity":0,"stroke-opacity":1,"stroke":"#ff0000","id":290930,"coincideco":"Não aplicável","compartilh":"Não","dentrodepo":"Não","eixoprinci":"Sim","geometriaa":"Sim","navegabili":"Não navegável","regime":"Seco","lenght_otf":"391.442408468355723"},{"fill-opacity":0,"stroke-opacity":1,"stroke":"#ff0000","id":291468,"coincideco":"Rio","compartilh":"Não","dentrodepo":"Não","eixoprinci":"Sim","geometriaa":"Sim","navegabili":"Desconhecida","regime":"Temporário","lenght_otf":"2018.388783034179824"},{"fill-opacity":0,"stroke-opacity":1,"stroke":"#ff0000","id":292164,"coincideco":"Rio","compartilh":"Não","dentrodepo":"Não","eixoprinci":"Sim","geometriaa":"Sim","navegabili":"Desconhecida","regime":"Temporário","lenght_otf":"1360.487941818083300"},{"fill-opacity":0,"stroke-opacity":1,"stroke":"#ff0000","id":292504,"coincideco":"Não aplicável","compartilh":"Não","dentrodepo":"Não","eixoprinci":"Sim","geometriaa":"Sim","navegabili":"Não navegável","regime":"Seco","lenght_otf":"884.421981159951770"},{"fill-opacity":0,"stroke-opacity":1,"stroke":"#ff0000","id":292605,"coincideco":"Não aplicável","compartilh":"Não","dentrodepo":"Não","eixoprinci":"Sim","geometriaa":"Sim","navegabili":"Não navegável","regime":"Seco","lenght_otf":"437.106567286936638"},{"fill-opacity":0,"stroke-opacity":1,"stroke":"#ff0000","id":292940,"coincideco":"Não aplicável","compartilh":"Não","dentrodepo":"Não","eixoprinci":"Sim","geometriaa":"Sim","navegabili":"Não navegável","regime":"Seco","lenght_otf":"413.917654321362363"},{"fill-opacity":0,"stroke-opacity":1,"stroke":"#ff0000","id":293118,"coincideco":"Não aplicável","compartilh":"Não","dentrodepo":"Não","eixoprinci":"Sim","geometriaa":"Sim","navegabili":"Não navegável","regime":"Seco","lenght_otf":"1227.519566090335957"},{"fill-opacity":0,"stroke-opacity":1,"stroke":"#ff0000","id":293353,"coincideco":"Rio","compartilh":"Não","dentrodepo":"Não","eixoprinci":"Sim","geometriaa":"Sim","navegabili":"Desconhecida","regime":"Temporário","lenght_otf":"742.914483267082460"},{"fill-opacity":0,"stroke-opacity":1,"stroke":"#ff0000","id":293417,"coincideco":"Rio","compartilh":"Não","dentrodepo":"Não","eixoprinci":"Sim","geometriaa":"Sim","navegabili":"Desconhecida","regime":"Temporário","lenght_otf":"1278.026094274241132"},{"fill-opacity":0,"stroke-opacity":1,"stroke":"#ff0000","id":293536,"coincideco":"Rio","compartilh":"Não","dentrodepo":"Não","eixoprinci":"Sim","geometriaa":"Não","navegabili":"Desconhecida","nome":"rio capivara pequena","regime":"Permanente","lenght_otf":"758.967494213949863"},{"fill-opacity":0,"stroke-opacity":1,"stroke":"#ff0000","id":293567,"coincideco":"Rio","compartilh":"Não","dentrodepo":"Não","eixoprinci":"Sim","geometriaa":"Sim","navegabili":"Desconhecida","regime":"Temporário","lenght_otf":"296.720684873022549"},{"fill-opacity":0,"stroke-opacity":1,"stroke":"#ff0000","id":293637,"coincideco":"Não aplicável","compartilh":"Não","dentrodepo":"Não","eixoprinci":"Sim","geometriaa":"Sim","navegabili":"Não navegável","regime":"Seco","lenght_otf":"728.753858504524715"},{"fill-opacity":0,"stroke-opacity":1,"stroke":"#ff0000","id":293942,"coincideco":"Rio","compartilh":"Não","dentrodepo":"Não","eixoprinci":"Sim","geometriaa":"Não","navegabili":"Desconhecida","nome":"rio capivara pequena","regime":"Permanente","lenght_otf":"909.032160029431680"},{"fill-opacity":0,"stroke-opacity":1,"stroke":"#ff0000","id":295174,"coincideco":"Não aplicável","compartilh":"Não","dentrodepo":"Não","eixoprinci":"Sim","geometriaa":"Sim","navegabili":"Não navegável","regime":"Seco","lenght_otf":"451.256923514943537"},{"fill-opacity":0,"stroke-opacity":1,"stroke":"#ff0000","id":295781,"coincideco":"Rio","compartilh":"Não","dentrodepo":"Não","eixoprinci":"Sim","geometriaa":"Sim","navegabili":"Desconhecida","regime":"Temporário","lenght_otf":"157.196768259822107"},{"fill-opacity":0,"stroke-opacity":1,"stroke":"#ff0000","id":296161,"coincideco":"Rio","compartilh":"Não","dentrodepo":"Não","eixoprinci":"Sim","geometriaa":"Sim","navegabili":"Desconhecida","regime":"Temporário","lenght_otf":"349.944379213057573"},{"fill-opacity":0,"stroke-opacity":1,"stroke":"#ff0000","id":297192,"coincideco":"Não aplicável","compartilh":"Não","dentrodepo":"Não","eixoprinci":"Sim","geometriaa":"Sim","navegabili":"Não navegável","regime":"Seco","lenght_otf":"573.985700443875203"},{"fill-opacity":0,"stroke-opacity":1,"stroke":"#ff0000","id":297301,"coincideco":"Rio","compartilh":"Não","dentrodepo":"Não","eixoprinci":"Sim","geometriaa":"Sim","navegabili":"Desconhecida","regime":"Temporário","lenght_otf":"95.660754381758721"},{"fill-opacity":0,"stroke-opacity":1,"stroke":"#ff0000","id":299163,"coincideco":"Rio","compartilh":"Não","dentrodepo":"Não","eixoprinci":"Sim","geometriaa":"Não","navegabili":"Desconhecida","nome":"rio capivara pequena","regime":"Permanente","lenght_otf":"129.577139595937865"},{"fill-opacity":0,"stroke-opacity":1,"stroke":"#ff0000","id":299342,"coincideco":"Rio","compartilh":"Não","dentrodepo":"Não","eixoprinci":"Sim","geometriaa":"Sim","navegabili":"Desconhecida","regime":"Temporário","lenght_otf":"125.383344545050562"},{"fill-opacity":0,"stroke-opacity":1,"stroke":"#ff0000","id":299441,"coincideco":"Rio","compartilh":"Não","dentrodepo":"Não","eixoprinci":"Sim","geometriaa":"Não","navegabili":"Desconhecida","nome":"rio capivara pequena","regime":"Permanente","lenght_otf":"202.167090410747107"},{"fill-opacity":0,"stroke-opacity":1,"stroke":"#ff0000","id":300138,"coincideco":"Rio","compartilh":"Não","dentrodepo":"Não","eixoprinci":"Sim","geometriaa":"Sim","navegabili":"Desconhecida","regime":"Temporário","lenght_otf":"1035.363093582377360"},{"fill-opacity":0,"stroke-opacity":1,"stroke":"#ff0000","id":300354,"coincideco":"Rio","compartilh":"Não","dentrodepo":"Não","eixoprinci":"Sim","geometriaa":"Não","navegabili":"Desconhecida","nome":"rio capivara pequena","regime":"Permanente","lenght_otf":"310.501422053511590"},{"fill-opacity":0,"stroke-opacity":1,"stroke":"#ff0000","id":300414,"coincideco":"Rio","compartilh":"Não","dentrodepo":"Não","eixoprinci":"Sim","geometriaa":"Sim","navegabili":"Desconhecida","regime":"Temporário","lenght_otf":"585.301162557691782"},{"fill-opacity":0,"stroke-opacity":1,"stroke":"#ff0000","id":300766,"coincideco":"Rio","compartilh":"Não","dentrodepo":"Não","eixoprinci":"Sim","geometriaa":"Sim","navegabili":"Desconhecida","regime":"Temporário","lenght_otf":"329.137188768755095"},{"fill-opacity":0,"stroke-opacity":1,"stroke":"#ff0000","id":300775,"coincideco":"Não aplicável","compartilh":"Não","dentrodepo":"Não","eixoprinci":"Sim","geometriaa":"Sim","navegabili":"Não navegável","regime":"Seco","lenght_otf":"585.197944256656456"},{"fill-opacity":0,"stroke-opacity":1,"stroke":"#ff0000","id":302032,"coincideco":"Não aplicável","compartilh":"Não","dentrodepo":"Não","eixoprinci":"Sim","geometriaa":"Sim","navegabili":"Não navegável","regime":"Seco","lenght_otf":"387.677217489723887"},{"fill-opacity":0,"stroke-opacity":1,"stroke":"#ff0000","id":302113,"coincideco":"Rio","compartilh":"Não","dentrodepo":"Não","eixoprinci":"Sim","geometriaa":"Não","navegabili":"Desconhecida","nome":"rio capivara pequena","regime":"Permanente","lenght_otf":"3371.202953649486517"},{"fill-opacity":0,"stroke-opacity":1,"stroke":"#ff0000","id":302524,"coincideco":"Não aplicável","compartilh":"Não","dentrodepo":"Não","eixoprinci":"Sim","geometriaa":"Sim","navegabili":"Não navegável","regime":"Seco","lenght_otf":"1292.393602062413038"},{"fill-opacity":0,"stroke-opacity":1,"stroke":"#ff0000","id":303343,"coincideco":"Rio","compartilh":"Não","dentrodepo":"Não","eixoprinci":"Sim","geometriaa":"Sim","navegabili":"Desconhecida","regime":"Temporário","lenght_otf":"271.573046989202567"},{"fill-opacity":0,"stroke-opacity":1,"stroke":"#ff0000","id":303733,"coincideco":"Rio","compartilh":"Não","dentrodepo":"Não","eixoprinci":"Sim","geometriaa":"Sim","navegabili":"Desconhecida","regime":"Temporário","lenght_otf":"395.950862926032585"},{"fill-opacity":0,"stroke-opacity":1,"stroke":"#ff0000","id":305174,"coincideco":"Rio","compartilh":"Não","dentrodepo":"Não","eixoprinci":"Sim","geometriaa":"Sim","navegabili":"Desconhecida","regime":"Temporário","lenght_otf":"604.303754873404387"},{"fill-opacity":0,"stroke-opacity":1,"stroke":"#ff0000","id":305225,"coincideco":"Rio","compartilh":"Não","dentrodepo":"Não","eixoprinci":"Sim","geometriaa":"Sim","navegabili":"Desconhecida","regime":"Temporário","lenght_otf":"372.331282745343231"},{"fill-opacity":0,"stroke-opacity":1,"stroke":"#ff0000","id":306748,"coincideco":"Rio","compartilh":"Não","dentrodepo":"Não","eixoprinci":"Sim","geometriaa":"Não","navegabili":"Desconhecida","nome":"rio capivara pequena","regime":"Permanente","lenght_otf":"545.211212455535929"},{"fill-opacity":0,"stroke-opacity":1,"stroke":"#ff0000","id":308297,"coincideco":"Não aplicável","compartilh":"Não","dentrodepo":"Não","eixoprinci":"Sim","geometriaa":"Sim","navegabili":"Não navegável","regime":"Seco","lenght_otf":"715.787865113193561"},{"fill-opacity":0,"stroke-opacity":1,"stroke":"#ff0000","id":308449,"coincideco":"Rio","compartilh":"Não","dentrodepo":"Não","eixoprinci":"Sim","geometriaa":"Sim","navegabili":"Desconhecida","regime":"Temporário","lenght_otf":"602.722570725592277"},{"fill-opacity":0,"stroke-opacity":1,"stroke":"#ff0000","id":308542,"coincideco":"Rio","compartilh":"Não","dentrodepo":"Não","eixoprinci":"Sim","geometriaa":"Não","navegabili":"Desconhecida","nome":"rio capivara pequena","regime":"Permanente","lenght_otf":"310.726975640002820"},{"fill-opacity":0,"stroke-opacity":1,"stroke":"#ff0000","id":308846,"coincideco":"Rio","compartilh":"Não","dentrodepo":"Não","eixoprinci":"Sim","geometriaa":"Sim","navegabili":"Desconhecida","regime":"Temporário","lenght_otf":"1254.234085983781824"},{"fill-opacity":0,"stroke-opacity":1,"stroke":"#ff0000","id":309472,"coincideco":"Não aplicável","compartilh":"Não","dentrodepo":"Não","eixoprinci":"Sim","geometriaa":"Sim","navegabili":"Não navegável","regime":"Seco","lenght_otf":"455.693999442160191"},{"fill-opacity":0,"stroke-opacity":1,"stroke":"#ff0000","id":310094,"coincideco":"Rio","compartilh":"Não","dentrodepo":"Não","eixoprinci":"Sim","geometriaa":"Não","navegabili":"Desconhecida","nome":"rio capivara pequena","regime":"Permanente","lenght_otf":"1019.013789224353786"},{"fill-opacity":0,"stroke-opacity":1,"stroke":"#ff0000","id":310279,"coincideco":"Rio","compartilh":"Não","dentrodepo":"Não","eixoprinci":"Sim","geometriaa":"Sim","navegabili":"Desconhecida","regime":"Temporário","lenght_otf":"509.690303564761336"},{"fill-opacity":0,"stroke-opacity":1,"stroke":"#ff0000","id":310310,"coincideco":"Não aplicável","compartilh":"Não","dentrodepo":"Não","eixoprinci":"Sim","geometriaa":"Sim","navegabili":"Não navegável","regime":"Seco","lenght_otf":"1343.331703268298043"},{"fill-opacity":0,"stroke-opacity":1,"stroke":"#ff0000","id":311295,"coincideco":"Rio","compartilh":"Não","dentrodepo":"Não","eixoprinci":"Sim","geometriaa":"Sim","navegabili":"Desconhecida","regime":"Temporário","lenght_otf":"585.090864957476015"},{"fill-opacity":0,"stroke-opacity":1,"stroke":"#ff0000","id":311588,"coincideco":"Não aplicável","compartilh":"Não","dentrodepo":"Não","eixoprinci":"Sim","geometriaa":"Sim","navegabili":"Não navegável","regime":"Seco","lenght_otf":"491.034882820419966"},{"fill-opacity":0,"stroke-opacity":1,"stroke":"#ff0000","id":312177,"coincideco":"Rio","compartilh":"Não","dentrodepo":"Não","eixoprinci":"Sim","geometriaa":"Sim","navegabili":"Desconhecida","regime":"Temporário","lenght_otf":"898.356565495906352"},{"fill-opacity":0,"stroke-opacity":1,"stroke":"#ff0000","id":313184,"coincideco":"Não aplicável","compartilh":"Não","dentrodepo":"Não","eixoprinci":"Sim","geometriaa":"Sim","navegabili":"Não navegável","regime":"Seco","lenght_otf":"501.770050191334803"},{"fill-opacity":0,"stroke-opacity":1,"stroke":"#ff0000","id":314285,"coincideco":"Rio","compartilh":"Não","dentrodepo":"Não","eixoprinci":"Sim","geometriaa":"Sim","navegabili":"Desconhecida","regime":"Temporário","lenght_otf":"750.244141005924007"},{"fill-opacity":0,"stroke-opacity":1,"stroke":"#ff0000","id":315278,"coincideco":"Não aplicável","compartilh":"Não","dentrodepo":"Não","eixoprinci":"Sim","geometriaa":"Sim","navegabili":"Não navegável","regime":"Seco","lenght_otf":"175.887292711369412"},{"fill-opacity":0,"stroke-opacity":1,"stroke":"#ff0000","id":315908,"coincideco":"Rio","compartilh":"Não","dentrodepo":"Não","eixoprinci":"Sim","geometriaa":"Sim","navegabili":"Desconhecida","regime":"Temporário","lenght_otf":"157.670510991165912"},{"fill-opacity":0,"stroke-opacity":1,"stroke":"#ff0000","id":316051,"coincideco":"Rio","compartilh":"Não","dentrodepo":"Não","eixoprinci":"Sim","geometriaa":"Sim","navegabili":"Desconhecida","regime":"Temporário","lenght_otf":"398.330959847201086"},{"fill-opacity":0,"stroke-opacity":1,"stroke":"#ff0000","id":316256,"coincideco":"Rio","compartilh":"Não","dentrodepo":"Não","eixoprinci":"Sim","geometriaa":"Sim","navegabili":"Desconhecida","regime":"Temporário","lenght_otf":"525.717228068235272"},{"fill-opacity":0,"stroke-opacity":1,"stroke":"#ff0000","id":316890,"coincideco":"Não aplicável","compartilh":"Não","dentrodepo":"Não","eixoprinci":"Sim","geometriaa":"Sim","navegabili":"Não navegável","regime":"Seco","lenght_otf":"480.917998812536894"},{"fill-opacity":0,"stroke-opacity":1,"stroke":"#ff0000","id":317075,"coincideco":"Rio","compartilh":"Não","dentrodepo":"Não","eixoprinci":"Sim","geometriaa":"Sim","navegabili":"Desconhecida","regime":"Temporário","lenght_otf":"486.924326580017578"},{"fill-opacity":0,"stroke-opacity":1,"stroke":"#ff0000","id":317101,"coincideco":"Rio","compartilh":"Não","dentrodepo":"Não","eixoprinci":"Sim","geometriaa":"Não","navegabili":"Desconhecida","nome":"rio capivara pequena","regime":"Permanente","lenght_otf":"327.611571794324107"},{"fill-opacity":0,"stroke-opacity":1,"stroke":"#ff0000","id":317179,"coincideco":"Rio","compartilh":"Não","dentrodepo":"Não","eixoprinci":"Sim","geometriaa":"Sim","navegabili":"Desconhecida","regime":"Temporário","lenght_otf":"189.408388487771390"},{"fill-opacity":0,"stroke-opacity":1,"stroke":"#ff0000","id":317486,"coincideco":"Rio","compartilh":"Não","dentrodepo":"Não","eixoprinci":"Sim","geometriaa":"Sim","navegabili":"Desconhecida","regime":"Temporário","lenght_otf":"452.408397223305883"},{"fill-opacity":0,"stroke-opacity":1,"stroke":"#ff0000","id":318331,"coincideco":"Não aplicável","compartilh":"Não","dentrodepo":"Não","eixoprinci":"Sim","geometriaa":"Sim","navegabili":"Não navegável","regime":"Seco","lenght_otf":"412.334577018161269"},{"fill-opacity":0,"stroke-opacity":1,"stroke":"#ff0000","id":318469,"coincideco":"Não aplicável","compartilh":"Não","dentrodepo":"Não","eixoprinci":"Sim","geometriaa":"Sim","navegabili":"Não navegável","regime":"Seco","lenght_otf":"646.576231541808170"},{"fill-opacity":0,"stroke-opacity":1,"stroke":"#ff0000","id":319593,"coincideco":"Rio","compartilh":"Não","dentrodepo":"Não","eixoprinci":"Sim","geometriaa":"Sim","navegabili":"Desconhecida","regime":"Temporário","lenght_otf":"1132.770862106551704"},{"fill-opacity":0,"stroke-opacity":1,"stroke":"#ff0000","id":320685,"coincideco":"Não aplicável","compartilh":"Não","dentrodepo":"Não","eixoprinci":"Sim","geometriaa":"Sim","navegabili":"Não navegável","regime":"Seco","lenght_otf":"372.650521498632258"},{"fill-opacity":0,"stroke-opacity":1,"stroke":"#ff0000","id":320785,"coincideco":"Rio","compartilh":"Não","dentrodepo":"Não","eixoprinci":"Sim","geometriaa":"Sim","navegabili":"Desconhecida","regime":"Temporário","lenght_otf":"646.064739643945472"},{"fill-opacity":0,"stroke-opacity":1,"stroke":"#ff0000","id":320860,"coincideco":"Não aplicável","compartilh":"Não","dentrodepo":"Não","eixoprinci":"Sim","geometriaa":"Sim","navegabili":"Não navegável","regime":"Seco","lenght_otf":"1029.927609884170124"},{"fill-opacity":0,"stroke-opacity":1,"stroke":"#ff0000","id":321409,"coincideco":"Rio","compartilh":"Não","dentrodepo":"Não","eixoprinci":"Sim","geometriaa":"Sim","navegabili":"Desconhecida","regime":"Temporário","lenght_otf":"1137.552004868788572"},{"fill-opacity":0,"stroke-opacity":1,"stroke":"#ff0000","id":321594,"coincideco":"Rio","compartilh":"Não","dentrodepo":"Não","eixoprinci":"Sim","geometriaa":"Sim","navegabili":"Desconhecida","regime":"Temporário","lenght_otf":"267.043048743964675"},{"fill-opacity":0,"stroke-opacity":1,"stroke":"#ff0000","id":321685,"coincideco":"Não aplicável","compartilh":"Não","dentrodepo":"Não","eixoprinci":"Sim","geometriaa":"Sim","navegabili":"Não navegável","regime":"Seco","lenght_otf":"1150.994528711764360"},{"fill-opacity":0,"stroke-opacity":1,"stroke":"#ff0000","id":321941,"coincideco":"Não aplicável","compartilh":"Não","dentrodepo":"Não","eixoprinci":"Sim","geometriaa":"Sim","navegabili":"Não navegável","regime":"Seco","lenght_otf":"888.681516166505730"},{"fill-opacity":0,"stroke-opacity":1,"stroke":"#ff0000","id":322047,"coincideco":"Não aplicável","compartilh":"Não","dentrodepo":"Não","eixoprinci":"Sim","geometriaa":"Sim","navegabili":"Não navegável","regime":"Seco","lenght_otf":"1415.149342135353663"},{"fill-opacity":0,"stroke-opacity":1,"stroke":"#ff0000","id":322297,"coincideco":"Não aplicável","compartilh":"Não","dentrodepo":"Não","eixoprinci":"Sim","geometriaa":"Sim","navegabili":"Não navegável","regime":"Seco","lenght_otf":"921.801953055402578"},{"fill-opacity":0,"stroke-opacity":1,"stroke":"#ff0000","id":323299,"coincideco":"Rio","compartilh":"Não","dentrodepo":"Não","eixoprinci":"Sim","geometriaa":"Não","navegabili":"Desconhecida","nome":"rio capivara pequena","regime":"Permanente","lenght_otf":"182.232083779353388"},{"fill-opacity":0,"stroke-opacity":1,"stroke":"#ff0000","id":324119,"coincideco":"Rio","compartilh":"Não","dentrodepo":"Não","eixoprinci":"Sim","geometriaa":"Não","navegabili":"Desconhecida","nome":"rio capivara pequena","regime":"Permanente","lenght_otf":"437.587467566177509"},{"fill-opacity":0,"stroke-opacity":1,"stroke":"#ff0000","id":325168,"coincideco":"Não aplicável","compartilh":"Não","dentrodepo":"Não","eixoprinci":"Sim","geometriaa":"Sim","navegabili":"Não navegável","regime":"Seco","lenght_otf":"394.755588995251685"},{"fill-opacity":0,"stroke-opacity":1,"stroke":"#ff0000","id":325717,"coincideco":"Não aplicável","compartilh":"Não","dentrodepo":"Não","eixoprinci":"Sim","geometriaa":"Sim","navegabili":"Não navegável","regime":"Seco","lenght_otf":"479.062184668713371"},{"fill-opacity":0,"stroke-opacity":1,"stroke":"#ff0000","id":325761,"coincideco":"Não aplicável","compartilh":"Não","dentrodepo":"Não","eixoprinci":"Sim","geometriaa":"Sim","navegabili":"Não navegável","regime":"Seco","lenght_otf":"489.289590292352273"},{"fill-opacity":0,"stroke-opacity":1,"stroke":"#ff0000","id":326554,"coincideco":"Rio","compartilh":"Não","dentrodepo":"Não","eixoprinci":"Sim","geometriaa":"Não","navegabili":"Desconhecida","nome":"rio capivara pequena","regime":"Permanente","lenght_otf":"702.029907898272768"},{"fill-opacity":0,"stroke-opacity":1,"stroke":"#ff0000","id":326661,"coincideco":"Rio","compartilh":"Não","dentrodepo":"Não","eixoprinci":"Sim","geometriaa":"Sim","navegabili":"Desconhecida","regime":"Temporário","lenght_otf":"178.005307511715841"},{"fill-opacity":0,"stroke-opacity":1,"stroke":"#ff0000","id":328196,"coincideco":"Rio","compartilh":"Não","dentrodepo":"Não","eixoprinci":"Sim","geometriaa":"Sim","navegabili":"Desconhecida","regime":"Temporário","lenght_otf":"437.038625435529070"},{"fill-opacity":0,"stroke-opacity":1,"stroke":"#ff0000","id":329058,"coincideco":"Não aplicável","compartilh":"Não","dentrodepo":"Não","eixoprinci":"Sim","geometriaa":"Sim","navegabili":"Não navegável","regime":"Seco","lenght_otf":"472.331337914227504"},{"fill-opacity":0,"stroke-opacity":1,"stroke":"#ff0000","id":329234,"coincideco":"Rio","compartilh":"Não","dentrodepo":"Não","eixoprinci":"Sim","geometriaa":"Sim","navegabili":"Desconhecida","regime":"Temporário","lenght_otf":"1124.449162700330135"},{"fill-opacity":0,"stroke-opacity":1,"stroke":"#ff0000","id":329482,"coincideco":"Rio","compartilh":"Não","dentrodepo":"Não","eixoprinci":"Sim","geometriaa":"Sim","navegabili":"Desconhecida","regime":"Temporário","lenght_otf":"1132.276409411752638"},{"fill-opacity":0,"stroke-opacity":1,"stroke":"#ff0000","id":329673,"coincideco":"Rio","compartilh":"Não","dentrodepo":"Não","eixoprinci":"Sim","geometriaa":"Sim","navegabili":"Desconhecida","regime":"Temporário","lenght_otf":"323.239362979840962"},{"fill-opacity":0,"stroke-opacity":1,"stroke":"#ff0000","id":329950,"coincideco":"Rio","compartilh":"Não","dentrodepo":"Não","eixoprinci":"Sim","geometriaa":"Sim","navegabili":"Desconhecida","regime":"Temporário","lenght_otf":"100.249838828102341"},{"fill-opacity":0,"stroke-opacity":1,"stroke":"#ff0000","id":331466,"coincideco":"Não aplicável","compartilh":"Não","dentrodepo":"Não","eixoprinci":"Sim","geometriaa":"Sim","navegabili":"Não navegável","regime":"Seco","lenght_otf":"454.039243941936604"},{"fill-opacity":0,"stroke-opacity":1,"stroke":"#ff0000","id":333202,"coincideco":"Rio","compartilh":"Não","dentrodepo":"Não","eixoprinci":"Sim","geometriaa":"Sim","navegabili":"Desconhecida","regime":"Temporário","lenght_otf":"197.410127138164569"},{"fill-opacity":0,"stroke-opacity":1,"stroke":"#ff0000","id":333211,"coincideco":"Não aplicável","compartilh":"Não","dentrodepo":"Não","eixoprinci":"Sim","geometriaa":"Sim","navegabili":"Não navegável","regime":"Seco","lenght_otf":"456.710211118327436"}]